"b'Semalem lg ngobrol2 sm pa azh sama mas imal, trs disuruh dengerin dan nnton video musik lagu kesukaan mereka kan, d\xe2\x80\xa6 https://t.co/lQGAuMQlz5'"
"b'Alhamdulillah lagu ""February Rain"" @DheandrAdelina mendapat apresiasi yang bagus, thanks ya \xf0\x9f\x99\x8f\xf0\x9f\x99\x8f &gt;&gt; Reposted from\xe2\x80\xa6 https://t.co/EAeB9B9pCx'"
b'@askmenfess Emang k-pop yang kayak gimana sih? Banyak lagu lagu yang liriknya bagus bagus yang musiknya enak dideng\xe2\x80\xa6 https://t.co/jipxilkKqL'
"b'Kenapa sih musik opening DBK terus terngiang-ngiang, bagus banget \xf0\x9f\x98\xad\xf0\x9f\x98\xad\xf0\x9f\x98\xad'"
b'Baru sadar pentingnya setiap hari mendengarkan musik bagus.'
"b'@mdzkwnmd bagus bagus, anak musik?'"
b'@Soona_choi @BucinnyaTaeyon9 Fokus aja ke fav nya masing2 yah... anda kok bisa sampai chat ini tu dr mana... ini kp\xe2\x80\xa6 https://t.co/dMOtnPpOBK'
b'Udahlah mas budiman bikin musik aja bagus kok'
b'Ato pen bagi lagu bagus ke kamu tp selera musik kita beda:)'
b'@HICLSDGENCY Saya ngeidolain semua member day6 karena mereka selain bisa bermain alat musik dan suaranya juga bagus\xe2\x80\xa6 https://t.co/gTbd7RVfii'
"b'setahunan lalu, di minimarket point, sendirian, aku mikir kalo karya yang bagus itu hasil dari tempaan kondisi yang\xe2\x80\xa6 https://t.co/ajm4CEEL31'"
b'Seneng dech selalu punya tetangga kosan yg suaranya bagus + anak seni musik.\n\nAKANG TETEH AKU PADAMUU\xf0\x9f\x98\x97\xf0\x9f\x98\x97\xf0\x9f\x98\x97'
b'@Saanszla @dionysopes Mereka gk bisa di diemin ntar makin jadi2\nBiar mereka sadar. kita jg kya gni bkn cuma buat ba\xe2\x80\xa6 https://t.co/z2I69Q4oYN'
"b'@yellawgxrl Betulan.\nItu maksudnya bisa main musik akan lebih bagus, tp kalo gabisa ya gapapa'"
"b'@JAPANFESS Heartwarming, lucu, animasinya bagus, romancenya gemes, walau musik kotonya masih berasa kurang tp its okay laa'"
b'@JAPANFESS Kalo animenya ttg musik aku langsung nganggep bagus si :(\n\nApalagi ini grafiknya jg bagus tho?\n\nCuma itu\xe2\x80\xa6 https://t.co/5l5qwPYhCR'
b'Sully eonni sampe sekrang diotak aku masih kebayang lagu electric shock sama hot summer pas jaman aku smp pertama k\xe2\x80\xa6 https://t.co/3Dy9z4bOwg'
"b'@cicisriwhyni diakui secara sah gtu deh , jdi diakui sama western (kiblat musik dunia kan amrik,uk dll) diakui klo beneran bagus musiknya.'"
b'@jbaekho Dan kontrol mereka sama artistiknya kaya musik sama visual bagus bagus bagus banget'
b'@iaminsecvre Selera musik kamu bagus juga'
"b'Saya gak kudet kudet banget sih soal KPop. Apalagi KPop kan terkenal. Tapi, lagu lagunya idol kpop itu... Biasanya\xe2\x80\xa6 https://t.co/woNrn7pkTr'"
b'@Nur_A90 @Herlin_673YP Sokooor.... Seharusnya dia berkarya saja di blantika musik kan bagus tanpa harus nyinyir tidak produktif seperti itu.'
b'Giniyaaa.... \nKalo mereka bukan idola yang bagus dan cuma bisa buat lagu lagu cinta atau musik musik dengan makna s\xe2\x80\xa6 https://t.co/6jBl3TcK4S'
"b'Terakhir, ngedit itu susah. Sebagai org yg juga suka ngedit video aku tau untuk bikin satu video yg durasinya hanya\xe2\x80\xa6 https://t.co/m476ale4U5'"
"b'@kai_uri_namchin malah jadi artis kpop lain nanti ga dapet kesan menarik disana, aku bukan bahas hanya bts disini,\xe2\x80\xa6 https://t.co/ME1pLUciBX'"
b'@Shima_ru Eh iya ding... Berhubung cuma musik doang jadi gk kedengeran bagus apa gak nya'
b'@susugawifey_ @antiii_u @BTS_twt aku jugak.. klo musik mereka bagus dan emang banyak yg minat  ... aku ga masalah m\xe2\x80\xa6 https://t.co/ezMeteBVFF'
b'@99_weno buat artis kpop siapapun pasti rusak di mata wastern...orang orang sana pasti mikir kpop ngelakuin berbaga\xe2\x80\xa6 https://t.co/49hjiVdUGh'
b'@lazuandi semua yang lu rekomendasiin enggak dijual di kota gw huhuhuhuhu. Iya sih tapip Jabra ini gw lagi baca rev\xe2\x80\xa6 https://t.co/Nct4iTdllt'
b'Baru sadar kalo lion heart itu 14 kali wins. Sama kaya single fenomenal gee. Emang bagus sih lagunya tapi ga nyangk\xe2\x80\xa6 https://t.co/L0jl1Pd3bd'
"b'@yoonmincasa @Akit66729629 Iyap wkwk, gak wajar sih, sekarang kalo mau nangkring di billboard gak perlu musik yang\xe2\x80\xa6 https://t.co/oXxSblCwkP'"
"b""#SuperMisNumber1Party\n#SuperM #SuperM_Jopping  \nfirst i'll say thanks for your hard work, finally we got this.\nterl\xe2\x80\xa6 https://t.co/MSeObDtXpI"""
b'@Seathelight_ Meskipun kaya juga anti banget main kotor \n\nBuat apa main kotor musik mereka bagus dan berdampak kok'
"b'@rizkyelle Kayaknya karena cara brandingnya sih kak yang bikin mereka meledak, memanfaatkan situasi. Im not a huge\xe2\x80\xa6 https://t.co/wEux6MHhqz'"
"b'Cakep, pinter, suara bagus, pinter main alat musik, rajin sholat, berbakti kepada orang tua, loyal, rajin menabung\xe2\x80\xa6 https://t.co/iu0xDolskv'"
"b'@kordiaI Halo, Shula. Perkenalkan, saya Daniel atau biasa dipanggil Bima oleh orang dekat. Nama kamu bagus, ya. Say\xe2\x80\xa6 https://t.co/6ZMaQMMxlH'"
b'@ljkniao Kono oto tomare. Tentang anak2 SMA di klub alat musik koto. Dia disitu ketua klubnya anaknya baek. Ini gen\xe2\x80\xa6 https://t.co/woRCBFSEXX'
"b'@Noctursaurus @CenayangFilm bagus banget, gak sekedar dari plot nya doang,musik latar nya juga kena, clint eastwood\xe2\x80\xa6 https://t.co/scvQOi9F9M'"
"b'Orang selalu mengagap kalo playlist lagu mereka yang paling Bagus, dan yang lain ngak punya selera musik\n.\nPadahal\xe2\x80\xa6 https://t.co/BSAWWtW1b1'"
"b'Tolak ukur untuk menjadi pacar saya , playlist lo harus :\n-ga harus ada yang w suka tapi jangan sengak lah kalo pre\xe2\x80\xa6 https://t.co/CayBNH6MEM'"
"b'setelah itu masukin deh, musik yang kalian mau masukin. nah biasanya kan musik ini harus dari hp gtu kan alias di d\xe2\x80\xa6 https://t.co/o6uHXvPBXN'"
"b'@rockapeler @MUSIC_FESS Selera musik masnya bagus, hmm'"
b'Gila sih ini org kalo rilis lagu selalu bagus dan nyentuh mau nada melody musik bahkan suaranya dia bersatu padu jd\xe2\x80\xa6 https://t.co/KZWfdNunzl'
"b'ada yg tau gak , ini manggungnya dimana dan nama group musik nya apa ....??? , btw kolaborasi musik Sasando yg sang\xe2\x80\xa6 https://t.co/2sGIWwU8FK'"
"b'dah itu aja yg masuk selera musik ku, si jaehyun jaehyun ini udah ganteng selera musiknya juga bagus bgt.'"
"b'@nctconfess Marki itu talented banget. Apa coba yang nggak dia bisa? Rap, nyanyi, dance, mc, archery, main alat mus\xe2\x80\xa6 https://t.co/2PCpBNAJtK'"
b'Sebelumnyaa siapin penyemangat eaaa wkwk atau sesuatu buat ngepertahanin mood biar bagus teruss hehee.. Kalo aku si\xe2\x80\xa6 https://t.co/0yh6Ttm4bK'
"b'Aku heran dia multitalen \nNyanyi voice high, voice low, main alat musik, acting, cooking badan jga bagus menurut ak\xe2\x80\xa6 https://t.co/sSYl8CE0e8'"
"b'Setahun lalu pas awal suka sama idol grup nya tuh kaya ih org2 bakal mandang gmn yaa, secara dlu juga aku mandangny\xe2\x80\xa6 https://t.co/GOJUqXVVLZ'"
"b'@NOCTWON ""Sama-sama, sunbae-niiim! Ditunggu lagi musik-musik bagus dan bermakna dari NOCTURNE lainnya, loh!"" \n\nHaru\xe2\x80\xa6 https://t.co/YygWY85Jj1'"
b'Tampan. Ngemong. Pandai memasak. Selera musik bagus. Mungkin @ardyanme mau nambahin? https://t.co/v7ajrQrIwK'
"b'@Kingmood291 Sempet mikir knapa maruk banget jadi org, udah cakep, kulit bagus, jari indah, suara bagus, jago musik...lah kitaaaaaa\xf0\x9f\x98\xad'"
b'Mendengarkan musik favorit antara jam 6 s/d 9 pagi bisa menaikan mood bagus. #penampilanmu'
"b'@mamski_ IP3G. beli bekas. ga ngerti aipun. lama ga dicas batrenya ngambek. msh bisa diservis ga ya, DAC nya bagus soale utk musik #lah \xf0\x9f\x98\x85'"
b'Beberapa di antaranya sengaja cari yang preloved biar lebih murah. Kenapa musik bagus lahirnya tahun 70-80an semua.\xe2\x80\xa6 https://t.co/r2Bx5qqF0r'
"b'sebenernya apasih arti dari \xe2\x80\x9cselera musik bagus\xe2\x80\x9d ??? jujur dulu gue sering ngomong gitu tapi lama kelamaan mikir, n\xe2\x80\xa6 https://t.co/chxWTJBm58'"
"b'@collegemenfess Temen gue masuk sini :) dan emg isi yg plg bagus ya di yogya ,buat musik tapi ya'"
"b'@akuntessa @sepheeraa @sixsensewoo ""Aku nggak mau."" aku menolak. Mana mau aku memainkan lagu band favoritku bersama\xe2\x80\xa6 https://t.co/ELa4Ul5dER'"
b'Ko acara tv ga ada yang bagus ya dengrin musik dulu akhh bwt menemani rasa bete aq'
b'contoh musik bagus yg jadi jele gara2 fansnya https://t.co/5SidPwFmBJ'
"b'Makin gak sabar pengen cepat2 Nonton Film ""99 Nama Cinta"". Ini jadi salah satu Scene yang Aku tunggu2 banget nih, p\xe2\x80\xa6 https://t.co/yjNJSQraOQ'"
b'nonton channel musik live paling bagus kalo gk music everywhere ya inspirasimusik'
"b'@thestorykids @hwangpisces Sebenarnya aku bukan penikmat musik yang jedag jedug, tapi lagu-lagu SKZ emang liriknya\xe2\x80\xa6 https://t.co/BBlBUlYvco'"
"b'Adakah yang mau beli gitarku? Sumpah udah coba belajar gak bisa bisa maininnya sampe frustasi, kayaknya passionku e\xe2\x80\xa6 https://t.co/Rf09gh7UwE'"
b'@ARMYTEAMID @BTS_twt Yaampun gerakannya pas sama musik nya astgddgvscf BAGUS BANGET\xf0\x9f\x98\xad\xf0\x9f\x98\xad\xf0\x9f\x91\x8d\xf0\x9f\x8f\xbb\xf0\x9f\x92\x9c\n#HappyJiminDay\xe2\x80\xa6 https://t.co/MJ5Bn0M5Qh'
b'Sering2 aja musik tiba2 mati biar semua orang tau omg livenya bagus dan bisa lanjut biarpun MR mati'
"b'Kali ini saya akan menceritakan kelanjutan cerita masa kecil saya, tentang bagaimana saya mengenal musik. Seperti s\xe2\x80\xa6 https://t.co/fq6qbo5uZp'"
"b'@kchartsofficial @x1s_net Lagu debut txt biyasa aja karna dia junior bts, mkya byak yg tertarik, chart bagus d luar\xe2\x80\xa6 https://t.co/1GuuUX7Cev'"
b'@aynarahilv Denger musik-musik santai aja bagus buat rileks'
b'@zeeamommynuest @endanendan Iya nih . Kalo EDM identik sama dungdung tak \xf0\x9f\xa4\xaa walau mreka vocalnya ttp Mantili sih cum\xe2\x80\xa6 https://t.co/bJhUvqYDEK'
b'Karena ga semua materi musik bisa diset \xe2\x80\x9cstandar aja bang\xe2\x80\x9d \xe2\x80\x9cyang penting bagus\xe2\x80\x9d apalagi jenis musik yang memang pun\xe2\x80\xa6 https://t.co/1rC29gDFiL'
b'Sebenernya selera musik bokap gue itu bagus untuk ukuran bapak2 yg dulu mudanya tinggal di perbukitan Sipirok. Tapi\xe2\x80\xa6 https://t.co/gdxQIWeT1X'
"b'Somehow aku capek jadi orang yang sedikit ngerti musik, talking shit like a superior as if you only have to listen\xe2\x80\xa6 https://t.co/BsJaDeqcIh'"
"b'K-Pop, explained bagus banget. Harusnya musik Indonesia juga bisa. https://t.co/6HehBHmFbp'"
b'Hpmu bagus dan spesifikasinya top tapi ga ada yg ngechat? Solusinya adalah senengin diri sendiri pake hp itu. Nggak\xe2\x80\xa6 https://t.co/CsJ2aRtCO8'
"b'@askmenfess Lagunya Somi-birthday\nForever young-BP\nGogo-BTS (ini liriknya bagus parah, tapi dikemas sama musik yang ena banget)'"
"b'CHART INLABEL! PERSAINGAN 18 MUSIK BAGUS INDONESIA FRESH TERPILIH! "" the fastest moving chart show"" BARENG @hilmanMD'"
b'Ko acara tv ga ada yang bagus ya dengrin musik dulu akhh bwt menemani rasa bete aq'
b'Sedikit shock mengetahui harga rental studio musik 100 ribu/2 jam. Tapi memang bagus sih. Di Tenggilis cuma 55 ribu\xe2\x80\xa6 https://t.co/SXpuj9eBsc'
"b'Dan satu lagi,\n""Orang jahat adalah orang baik yang tersakiti"" \n\nSepertinya tidak sinkron dg alur ceritanya.\n\nApa yg\xe2\x80\xa6 https://t.co/SfSeE2LIdZ'"
"b'*Me Berbicara ke Random People\nMe : Musik Jazznya bagus, suasana cafenya juga mantap, the bestlah, bener ga mas ?\nR\xe2\x80\xa6 https://t.co/c6hOPXpOqC'"
"b'@chillcuk Dengerin musik kenceng, sambil sebat dan ngebeer tapi jangan dicontoh ya yang kurang bagus'"
b'@irasilviaaaaa Haha selamat selera musik anda bagus'
"b'Gue gak pernah sih fanatik sama satu genre musik, buat gue musik kalau bagus ya bagus aja. Gak peduli apapun genren\xe2\x80\xa6 https://t.co/pKwOGJI6UG'"
"b'Musik sekarang bebas dan penikmat musik bisa memilih musik tanpa ada mematok standarnya, kadang kangen juga dimana\xe2\x80\xa6 https://t.co/SkkZBVGfHp'"
"b'@kingnamjuuun @BTS_twt HAPPY BIRTHDAY KAK JIMIN @BTS_twt \n\nDom Jogja\n\nMusik instrumennya bagus. Enak, syahdu gitu \xf0\x9f\x98\x8d https://t.co/01AFQMXhYY'"
"b'Selera musik dia bagus sih:"") kayaknya emang suka musik lama, yang kesannya kayak ballad songs gitu, fix sama seler\xe2\x80\xa6 https://t.co/g3LYaNqJq1'"
"b""Good thread. Tapi menurut jaman skrg musik bagus niche juga berkembang sama cepatnya kaya musik 'sampah' mainstream\xe2\x80\xa6 https://t.co/hVfwOMx789"""
"b'@manusiabodoh Aku mengerti, film dan musik masalah selera. Jadi jelek atau bagus relatif. Tapi percayalah, melewatk\xe2\x80\xa6 https://t.co/FpSnr86cyR'"
"b'akhir akhir ini aku terpengaruh sama ""lagu bagus itu kalo chordnya susah"". tapi ternyata banyak juga lagu bagus yan\xe2\x80\xa6 https://t.co/ShVgfwp2xS'"
"b'Seungyoun komposer kan ya? Kalo aku ga salah tau gitu. Dan emang nada dia tuh bagus, dohyon juga bisa main alat mus\xe2\x80\xa6 https://t.co/8UCDpVsm0y'"
"b'@jk_283 Chenle! Bisa main alat musik sendiri, suara udah bagus udah pernah konser sendiri, apalagiiii yang kurang?\xf0\x9f\xa5\xba\xf0\x9f\xa5\xba'"
"b'Dulu pas kecil, suka banget nonton acara musik di tv. Mtv ampuh paling juara sih dulu. Dulu lagu juga pada bagus ba\xe2\x80\xa6 https://t.co/b9UAnnAXYE'"
"b'Hobinya makan. Oci ini termasuk cewek dengan napsu makan yang luar biasa. Tapi herannya badannya tetep aja bagus, g\xe2\x80\xa6 https://t.co/auvDA8KgsP'"
"b'Bagi gue musik ya terserah gimana aja, gue bukan maestro bukan sarjana musik dan bla bla nya. Hanya penikmat aja.\xe2\x80\xa6 https://t.co/ubqRNCck8B'"
b'Lagunya charlie puth yg ceathing on you musik nya bagus bgt deh'
b'@agoeng_sis @langitRTV makanya sebut langsung stasiun TVnya. kalo sebel sama @TRANS7 ya mention aja. kalo cuma bila\xe2\x80\xa6 https://t.co/5RCSLLGXZx'
b'Bangtan yang mengharumkan korea\nEh..yang lain menyepelekan musik karya dan power ketulusan fans\nGmn mau membuat ban\xe2\x80\xa6 https://t.co/HkgVWO5HYA'
"b'Ada wartawan nanya pertanyaan bagus, ""apa bedanya lo sama konten kreator otomotif lainnya?""\n.\n""Cuma gue yang nyampe di skena musik""\n.\nAzek'"
"b'Ada anime bagus tentang band/musik, ternyata Yaoi.\n\xf0\x9f\x98\xa9'"
b'#Repost @combipharID (get_repost)\n\xe3\x83\xbb\xe3\x83\xbb\xe3\x83\xbb\nBerlari sambil mendengarkan musik ternyata dapat membawa manfaat bagi tubuh l\xe2\x80\xa6 https://t.co/I1vLtAsOlf'
"b'Berlari sambil mendengarkan musik ternyata dapat membawa manfaat bagi tubuh lho, Healthy People! Selain dapat membu\xe2\x80\xa6 https://t.co/3cU7CteV1N'"
"b'@woxnnwoo Kalau anime musik ada beberapa yg bagus kaya ""Your lie in april dan piano no mori""'"
"b'Lantunan irama musik dari barang rongsokan... Bagus ga bagus, asyik ga asyik kita dipaksa harus dengarkan musik itu...'"
b'Pas abis gajian kemaren enggak ada sama sekali yg nawarin cymbal babar blas.\nIni uang udah kepake banyak toko musik\xe2\x80\xa6 https://t.co/Ny6mqa3Brs'
"b'@SoundOfYogi Maybe you need to listen BTS, bukan hanya karena gua stan mereka. Namun, kalau ditelisik lebih dalam l\xe2\x80\xa6 https://t.co/xc4iSLsguD'"
"b'9. Tattoo/Drinking/Agama\n\n"" Si J/k sekarang tatoan gue gak suka deh"" ""Ih J/m/n minumnya kek gitu jadi gak demen"" ""N\xe2\x80\xa6 https://t.co/bzwTCLrBs5'"
"b'@CakraWedaL Aku sih gak ngerti ya soal teknis ""standar musik yang bagus"" itu gimana wkwk namanya juga selera kan ka\xe2\x80\xa6 https://t.co/yzux6L66mB'"
b'Nyari headphone bagus buat dengerin musik sambil ngegym... \nNaksir bgt sama Skullcandy Crusher Wireless. Tapi menan\xe2\x80\xa6 https://t.co/3uutwVikUW'
"b'@realbeelfauz Ini sekolahnya dimana? Mapel atau ekskul? Bagus banget ga cuma nyanyi-nyanyi doang, tapi sambil main\xe2\x80\xa6 https://t.co/7UdxxcmfcD'"
"b'@prayfrluck \xe2\x80\x9cAku juga, hanya mencoba mendengar beberapa lagu yang sekiranya bagus.\xe2\x80\x9d \n\nSang pemuda tersenyum tipis.\xe2\x80\xa6 https://t.co/dOvyTnaDBL'"
"b'Mari kita nilai, kalau dari gambar, musik ama mood nya menurutku mewah banget kayak film pokoknya \xf0\x9f\x8c\x9f\xf0\x9f\x8c\x9f\xf0\x9f\x8c\x9f\xf0\x9f\x8c\x9f\xf0\x9f\x8c\x9f ceritanya t\xe2\x80\xa6 https://t.co/ymnY9MRF2u'"
b'iyadah musik jaman skarang sampah monoton semua.. paling bagus lingsir wengi'
"b'Kemarin liat streaming live concertnya BTS, hampir 3 jam, bagus sih cuman anehnya gak hectic aku tu \xf0\x9f\x98\x91\nTetep live co\xe2\x80\xa6 https://t.co/kvhNkk1buF'"
b'@arioadimas Referensi bagus tentang isu-isu scene musik lokal. ;) https://t.co/p0bmthWMUA'
b'@4k943nuest sebagai pengamat dunia bisnis dan pemasaran (ciaaaahhh)\nnuest punya pasar sendiri walau ga besar tp tre\xe2\x80\xa6 https://t.co/jF3ElJetow'
"b'Sato [yg rambutnya warna orange] complicated hidupnya, tapi Uenoyama yg memang diem-diem perhatian, g bisa lepas da\xe2\x80\xa6 https://t.co/gmbh4QB4s6'"
"b'@Heyuwasa Hwasa! Saya sudah dengar lagunya. Saya kira diawal headset saya ilang sebelah suaranya, gaktaunya sebelah\xe2\x80\xa6 https://t.co/eSWqHA0PE3'"
"b'aku kadang suka cari cari musik di spotify dan nemu lagu2 yang bagus menurutku, coba di puter siapa tau kalian juga\xe2\x80\xa6 https://t.co/qppMPA7ZKB'"
b'Dari Synchronize fest aku semakin yakin kalau band-band masa lalu punya lagu-lagu dan musik yang amat bagus. Meski\xe2\x80\xa6 https://t.co/VGq6aJtYIo'
"b'Capek bahas perilaku, sifat, sikap para orang terhormat, bagus dengerin musik semasa STM dulu wkwkkw https://t.co/gCWJBgNMHJ'"
b'@santeira Engga kok. Musik Indo berevolusi. Duo semangka ini ya jadi guyonan aja disini. Sisanya banyaaaakk yang ba\xe2\x80\xa6 https://t.co/ZSuf0b3Ukz'
b'13) Seneng dan bangga liat perkembangan musik Indonesia yg makin bagus bgt bgt skrg. Keep the best work dear Indone\xe2\x80\xa6 https://t.co/YcenYxLKur'
b'12) Bahkan byk jg musisi2 yang baru terjun ke industri musik Indonesia yg ga kalah bagus sm musisi2 senior legend.\xe2\x80\xa6 https://t.co/0hYoXzDbuO'
b'Ini salah satu metode pengamatan trend musik\n\nsalah satu pisau bedah analisa yang bagus\n\nhttps://t.co/7Zmv3c0qhS'
"b'Thread bagus.\nDari kapan hari sempat kepikiran ""kenapa musik mainstream sekarang polanya gitu2 aja yak?"" https://t.co/SRfUyiTJzp'"
"b'@SoundOfYogi Semakin canggih teknologi semakin kosong nilai seni. Gak perlu bakat bagus, otak brilian olah kata, ki\xe2\x80\xa6 https://t.co/QpdJFurEG6'"
"b'@SoundOfYogi tapi bang, terlahirnya sistem tadi kan ternyata menguntungkan bagi pemodal musik\n\nmereka ambil ambang\xe2\x80\xa6 https://t.co/gnBxlLVTNn'"
"b'""Yaudah sih... anggep aja emang itu kondisi dunia kita, selama semuanya bahagia, kenapa musti marah2? just let it b\xe2\x80\xa6 https://t.co/j60d7G9O3d'"
"b'Panitia #KarangasemWorldMusicFestival 2019 Ida Bagus Agung Gunarthawa menyatakan, Karangasem World Music Festival a\xe2\x80\xa6 https://t.co/SjgXwNhgNX'"
"b'Gue bisa aja marah2 ngomel2 tentang ""arrgghh kualitas musikk arrggh"" tapi faktanya emang gitu sih sitemnya\n\nkalo mu\xe2\x80\xa6 https://t.co/OUUulgiohL'"
b'suara diva di kotak musik himakrim bagus bgt \xf0\x9f\x98\xab'
"b'@SoundOfYogi Sebenernya dari dulu pun banyak musik ""sampah"" yg populer. \nTapi yg gak sampah juga banyak. \nApa karna\xe2\x80\xa6 https://t.co/tFfirRa2Kv'"
b'@SoundOfYogi Haha bahkan sekelas Barry Likumahuwa juga pernah nyinggung masalah ini makanya dia gamau ke major labe\xe2\x80\xa6 https://t.co/IrpOZ0e2mE'
"b'@pilaradio886fm Kalo nggak video call doi ya rebahan aja, nyetel musik sambil asah kemampuan bermain gitar, kadang\xe2\x80\xa6 https://t.co/5RFpHA9zZG'"
b'@akarprana @rezanufa @SoundOfYogi Perihal musik barangkali tertarik coba dengar karya-karya musisi AS Kareem Salama\xe2\x80\xa6 https://t.co/RUmUVS4gw8'
"b'Panitia #KarangasemWorldMusicFestival 2019 Ida Bagus Agung Gunarthawa menyatakan, Karangasem World Music Festival a\xe2\x80\xa6 https://t.co/EKpDohZoyW'"
"b'Panitia #KarangasemWorldMusicFestival 2019 Ida Bagus Agung Gunarthawa menyatakan, Karangasem World Music Festival a\xe2\x80\xa6 https://t.co/kR0Rgx2EYp'"
"b'Panitia #KarangasemWorldMusicFestival 2019 Ida Bagus Agung Gunarthawa menyatakan, Karangasem World Music Festival a\xe2\x80\xa6 https://t.co/IIuPrZ5FlH'"
"b'Ida Bagus Agung Gunarthawa selaku panitia mengatakan, #KarangasemWorldMusicFestival akan dikemas untuk menjembatani\xe2\x80\xa6 https://t.co/lUv66uZ4VC'"
"b'Panitia #KarangasemWorldMusicFestival 2019 Ida Bagus Agung Gunarthawa menyatakan, Karangasem World Music Festival a\xe2\x80\xa6 https://t.co/EHzIlqwg7a'"
"b'Panitia #KarangasemWorldMusicFestival 2019 Ida Bagus Agung Gunarthawa menyatakan, Karangasem World Music Festival a\xe2\x80\xa6 https://t.co/AJiMwBBBAZ'"
"b'Panitia #KarangasemWorldMusicFestival 2019 Ida Bagus Agung Gunarthawa menyatakan, Karangasem World Music Festival a\xe2\x80\xa6 https://t.co/TDBHjefPSE'"
"b'\xe2\x98\x86\nPanitia #KarangasemWorldMusicFestival 2019 Ida Bagus Agung Gunarthawa menyatakan, Karangasem World Music Festival\xe2\x80\xa6 https://t.co/2JMhuXk8wL'"
"b'Panitia #KarangasemWorldMusicFestival 2019 Ida Bagus Agung Gunarthawa menyatakan, Karangasem World Music Festival a\xe2\x80\xa6 https://t.co/xU18KTr8fH'"
"b'Panitia #KarangasemWorldMusicFestival 2019 Ida Bagus Agung Gunarthawa menyatakan, Karangasem World Music Festival a\xe2\x80\xa6 https://t.co/wCC47Y3Dpy'"
"b'""Hm lagunya bagus"" Sembari mengangguk-anggukkan kepalanya mengikuti irama musik. Sesekali Ia mengejar ayamnya yang\xe2\x80\xa6 https://t.co/QSY2kyeWCi'"
b'Ost. Legenda - Abadi selamanya\n\nBaru dengar lagi tadi setelah sekian lama dan ternyata rasanya terlalu bagus untuk\xe2\x80\xa6 https://t.co/RRvouosABP'
"b'Panitia #KarangasemWorldMusicFestival 2019 Ida Bagus Agung Gunarthawa menyatakan, Karangasem World Music Festival a\xe2\x80\xa6 https://t.co/6NVLYDyLFs'"
"b'Panitia #KarangasemWorldMusicFestival 2019 Ida Bagus Agung Gunarthawa menyatakan, Karangasem World Music Festival a\xe2\x80\xa6 https://t.co/lH70gMPu7d'"
"b'Panitia #KarangasemWorldMusicFestival 2019 Ida Bagus Agung Gunarthawa menyatakan, Karangasem World Music Festival a\xe2\x80\xa6 https://t.co/SUZQIkn5Za'"
"b'^^\nPanitia #KarangasemWorldMusicFestival 2019 Ida Bagus Agung Gunarthawa menyatakan, Karangasem World Music Festiva\xe2\x80\xa6 https://t.co/LpAnATOBMK'"
"b'Panitia #KarangasemWorldMusicFestival 2019 Ida Bagus Agung Gunarthawa menyatakan, Karangasem World Music Festival a\xe2\x80\xa6 https://t.co/AzVO3gPnGt'"
"b'.Panitia #KarangasemWorldMusicFestival 2019 Ida Bagus Agung Gunarthawa menyatakan, Karangasem World Music Festival\xe2\x80\xa6 https://t.co/rZprArotBL'"
"b'Panitia #KarangasemWorldMusicFestival 2019 Ida Bagus Agung Gunarthawa menyatakan, Karangasem World Music Festival a\xe2\x80\xa6 https://t.co/cl4C4JW8aw'"
"b'Panitia #KarangasemWorldMusicFestival 2019 Ida Bagus Agung Gunarthawa nyatain, Karangasem World Music Festival akan\xe2\x80\xa6 https://t.co/pI6OZs4mOU'"
"b'Panitia #KarangasemWorldMusicFestival 2019 Ida Bagus Agung Gunarthawa menyatakan, Karangasem World Music Festival a\xe2\x80\xa6 https://t.co/IAdjtKzfS4'"
"b'Panitia #KarangasemWorldMusicFestival 2019 Ida Bagus Agung Gunarthawa menyatakan, Karangasem World Music Festival a\xe2\x80\xa6 https://t.co/uIFdPSHZuo'"
"b'Panitia #KarangasemWorldMusicFestival 2019 Ida Bagus Agung Gunarthawa menyatakan, Karangasem World Music Festival a\xe2\x80\xa6 https://t.co/EEpGUFnQYM'"
"b'Panitia #KarangasemWorldMusicFestival 2019 Ida Bagus Agung Gunarthawa menyatakan, Karangasem World Music Festival a\xe2\x80\xa6 https://t.co/tZMfpaKEzw'"
"b'Panitia #KarangasemWorldMusicFestival 2019 Ida Bagus Agung Gunarthawa menyatakan, Karangasem World Music Festival a\xe2\x80\xa6 https://t.co/eYudDgmSZ1'"
b'#KarangasemWorldMusicFestival \n.\n.\n.\nPanitia #KarangasemWorldMusicFestival 2019 Ida Bagus Agung Gunarthawa menyatak\xe2\x80\xa6 https://t.co/bcwT8kzwh7'
"b'Panitia #KarangasemWorldMusicFestival 2019 Ida Bagus Agung Gunarthawa menyatakan, Karangasem World Music Festival a\xe2\x80\xa6 https://t.co/bxl3s7a6Up'"
"b'@NoviantDiana dengan Panitia #KarangasemWorldMusicFestival 2019 Ida Bagus Agung Gunarthawa menyatakan, Karangasem W\xe2\x80\xa6 https://t.co/sYblWnPqXS'"
"b'Panitia #KarangasemWorldMusicFestival 2019 Ida Bagus Agung Gunarthawa menyatakan, Karangasem World Music Festival a\xe2\x80\xa6 https://t.co/tlW16ndedW'"
"b'Panitia #KarangasemWorldMusicFestival 2019 Ida Bagus Agung Gunarthawa menyatakan, Karangasem World Music Festival a\xe2\x80\xa6 https://t.co/19VWHK0niW'"
"b'Panitia #KarangasemWorldMusicFestival 2019 Ida Bagus Agung Gunarthawa yg menyatakan, Karangasem World Music Festiva\xe2\x80\xa6 https://t.co/vraDgBprhI'"
"b'Panitia #KarangasemWorldMusicFestival 2019 Ida Bagus Agung Gunarthawa menyatakan, Karangasem World Music Festival a\xe2\x80\xa6 https://t.co/6ZMuUb1MoR'"
"b'Panitia #KarangasemWorldMusicFestival 2019 Ida Bagus Agung Gunarthawa menyatakan, Karangasem World Music Festival a\xe2\x80\xa6 https://t.co/0BMRG6JvL6'"
"b'Panitia #KarangasemWorldMusicFestival 2019 Ida Bagus Agung Gunarthawa menyatakan, Karangasem World Music Festival a\xe2\x80\xa6 https://t.co/x7bbhagABO'"
"b'Panitia #KarangasemWorldMusicFestival 2019 Ida Bagus Agung Gunarthawa menyatakan, Karangasem World Music Festival a\xe2\x80\xa6 https://t.co/ovGPoy4q51'"
b'&lt; tanpa perhitungan yang dibuat oleh remaja pada umumnya. Saya saat itu berusaha untuk mencapai mimpi dan cita-cita\xe2\x80\xa6 https://t.co/ORyBNsmJ7p'
"b'Panitia #KarangasemWorldMusicFestival 2019 Ida Bagus Agung Gunarthawa menyatakan, Karangasem World Music Festival a\xe2\x80\xa6 https://t.co/LMueJ4LXRK'"
"b'Panitia #KarangasemWorldMusicFestival 2019 Ida Bagus Agung Gunarthawa menyatakn, Karangasem World Music Festival ak\xe2\x80\xa6 https://t.co/fkhFC2vgmS'"
"b'Panitia #KarangasemWorldMusicFestival 2019 Ida Bagus Agung Gunarthawa menyatakan, Karangasem World Music Festival a\xe2\x80\xa6 https://t.co/kpGdg0gwLZ'"
"b'Panitia #KarangasemWorldMusicFestival 2019 Ida Bagus Agung Gunarthawa menyatakan, Karangasem World Music Festival a\xe2\x80\xa6 https://t.co/7MEPGKkFQR'"
"b'Panitia #KarangasemWorldMusicFestival 2019 Ida Bagus Agung Gunarthawa menyatakan, Karangasem World Music Festival a\xe2\x80\xa6 https://t.co/9YCk9uQN1e'"
"b'Panitia #KarangasemWorldMusicFestival 2019 Ida Bagus Agung Gunarthawa menyatakan, Karangasem World Music Festival a\xe2\x80\xa6 https://t.co/XUX0ZV0fOG'"
"b'Panitia #KarangasemWorldMusicFestival 2019 Ida Bagus Agung Gunarthawa menyatakan, Karangasem World Music Festival a\xe2\x80\xa6 https://t.co/DifeaIkNLU'"
"b'Panitia #KarangasemWorldMusicFestival 2019 Ida Bagus Agung Gunarthawa menyatakan, Karangasem World Music Festival a\xe2\x80\xa6 https://t.co/wJS3ikxebF'"
"b'@Jelajah_NTB Panitia #KarangasemWorldMusicFestival 2019 Ida Bagus Agung Gunarthawa menyatakan, Karangasem World Mus\xe2\x80\xa6 https://t.co/jp4NFSlsxf'"
"b'Panitia #KarangasemWorldMusicFestival 2019 Ida Bagus Agung Gunarthawa menyatakan, Karangasem World Music Festival a\xe2\x80\xa6 https://t.co/6bEK6zQawj'"
"b'Panitia #KarangasemWorldMusicFestival 2019 Ida Bagus Agung Gunarthawa menyatakan, Karangasem World Music Festival a\xe2\x80\xa6 https://t.co/GKSEOntR8V'"
"b'\xf0\x9f\x92\x96\xf0\x9f\x92\x96Panitia #KarangasemWorldMusicFestival 2019 Ida Bagus Agung Gunarthawa menyatakan, Karangasem World Music Festival\xe2\x80\xa6 https://t.co/n3LDJJz3aU'"
"b'#KarangasemWorldMusicFestival\n\nPanitia #KarangasemWorldMusicFestival 2019 Ida Bagus Agung Gunarthawa menyatakan, Ka\xe2\x80\xa6 https://t.co/XYCaz6IN73'"
"b'Kenapa susah banget masukin lagu di HP a*****le sih, ke hapus semua ini cuma gara-gara nambahin file music baru~\n\nJ\xe2\x80\xa6 https://t.co/MSppcpujO1'"
"b'Panitia #KarangasemWorldMusicFestival 2019 Ida Bagus Agung Gunarthawa menyatakan, Karangasem World Music Festival a\xe2\x80\xa6 https://t.co/SoV2Djgkmr'"
"b'Panitia #KarangasemWorldMusicFestival 2019 Ida Bagus Agung Gunarthawa menyatakan, Karangasem World Music Festival a\xe2\x80\xa6 https://t.co/QmJQVqJ5J4'"
"b'Panitia #KarangasemWorldMusicFestival 2019 Ida Bagus Agung Gunarthawa menyatakan, Karangasem World Music Festival a\xe2\x80\xa6 https://t.co/nuyDdv0aCH'"
"b'Panitia #KarangasemWorldMusicFestival 2019 Ida Bagus Agung Gunarthawa menyatakan, Karangasem World Music Festival a\xe2\x80\xa6 https://t.co/7QhZcRQZLL'"
"b'Panitia #KarangasemWorldMusicFestival 2019 Ida Bagus Agung Gunarthawa menyatakan, Karangasem World Music Festival a\xe2\x80\xa6 https://t.co/j3JCBRDFV5'"
"b'Panitia #KarangasemWorldMusicFestival 2019 Ida Bagus Agung Gunarthawa menyatakan, Karangasem World Music Festival a\xe2\x80\xa6 https://t.co/sTeEyXyFKk'"
"b'Panitia #KarangasemWorldMusicFestival 2019 Ida Bagus Agung Gunarthawa menyatakan, Karangasem World Music Festival a\xe2\x80\xa6 https://t.co/Tyg5zxi72y'"
"b'Panitia #KarangasemWorldMusicFestival 2019 Ida Bagus Agung Gunarthawa menyatakan, Karangasem World Music Festival a\xe2\x80\xa6 https://t.co/z1nVM61xvm'"
"b'Panitia #KarangasemWorldMusicFestival 2019 Ida Bagus Agung Gunarthawa menyatakan, Karangasem World Music Festival a\xe2\x80\xa6 https://t.co/0Uvq0KYuLd'"
"b'~Panitia #KarangasemWorldMusicFestival 2019 Ida Bagus Agung Gunarthawa menyatakan, Karangasem World Music Festival\xe2\x80\xa6 https://t.co/2qKnHBGlHo'"
"b'.\nPanitia #KarangasemWorldMusicFestival 2019 Ida Bagus Agung Gunarthawa menyatakan, Karangasem World Music Festival\xe2\x80\xa6 https://t.co/eh8OdbyHwE'"
"b'Panitia #KarangasemWorldMusicFestival 2019 Ida Bagus Agung Gunarthawa menyatakan, Karangasem World Music Festival a\xe2\x80\xa6 https://t.co/OazbPzpUh3'"
"b'Panitia #KarangasemWorldMusicFestival 2019 Ida Bagus Agung Gunarthawa mnyatakan, Karangasem World Music Festival ak\xe2\x80\xa6 https://t.co/Alp6zSOG3E'"
"b'Panitia #KarangasemWorldMusicFestival 2019 Ida Bagus Agung Gunarthawa menyatakan, Karangasem World Music Festival a\xe2\x80\xa6 https://t.co/OSFXcu9MBM'"
"b'Panitia #KarangasemWorldMusicFestival 2019 Ida Bagus Agung Gunarthawa menyatakan, Karangasem World Music Festival a\xe2\x80\xa6 https://t.co/94t1S5Hjxq'"
"b'Nbn\nPanitia #KarangasemWorldMusicFestival 2019 Ida Bagus Agung Gunarthawa menyatakan, Karangasem World Music Festiv\xe2\x80\xa6 https://t.co/xIPYMc8TUx'"
"b'Panitia #KarangasemWorldMusicFestival 2019 Ida Bagus Agung Gunarthawa menyatakan, Karangasem World Music Festival a\xe2\x80\xa6 https://t.co/8cVfvpeMJf'"
"b'Panitia #KarangasemWorldMusicFestival 2019 Ida Bagus Agung Gunarthawa menyatakan, Karangasem World Music Festival a\xe2\x80\xa6 https://t.co/ZZX728hmQC'"
"b'Panitia #KarangasemWorldMusicFestival 2019 Ida Bagus Agung Gunarthawa menyatakan, Karangasem World Music Festival a\xe2\x80\xa6 https://t.co/YGYjOsallx'"
"b'Panitia #KarangasemWorldMusicFestival 2019 Ida Bagus Agung Gunarthawa menyatakan, Karangasem World Music Festival a\xe2\x80\xa6 https://t.co/zESVSyGojT'"
"b'Panitia #KarangasemWorldMusicFestival 2019 Ida Bagus Agung Gunarthawa menyatakan, Karangasem World Music Festival a\xe2\x80\xa6 https://t.co/aczrIVyGgh'"
"b'Panitia #KarangasemWorldMusicFestival 2019 Ida Bagus Agung Gunarthawa menyatakan, Karangasem World Music Festival a\xe2\x80\xa6 https://t.co/2PLE1gLKlo'"
"b'Panitia #KarangasemWorldMusicFestival 2019 Ida Bagus Agung Gunarthawa menyatakan, Karangasem World Music Festival a\xe2\x80\xa6 https://t.co/nEByozJr2S'"
"b'Panitia #KarangasemWorldMusicFestival 2019 Ida Bagus Agung Gunarthawa menyatakan, Karangasem World Music Festival a\xe2\x80\xa6 https://t.co/hgHWICyV3R'"
"b'@noturbbyxx Bertele2 ih.\nEarphone aja ya.\nAda yang apple kawe.\nTapi bagus kok.\nBuat dengerin musik oke, buat maen game juga uwu.'"
"b""Sudah diduga lagu video musik Apocalypse dari i'm cyborg but that's ok pasti bagus."""
b'@aprilsmpw gimana mau nilai bagus baca alkitab aja sambil dengerin musik penyembah setan\xf0\x9f\x98\xad\xf0\x9f\x98\xad'
"b'Panitia #KarangasemWorldMusicFestival 2019 Ida Bagus Agung Gunarthawa menyatakan, Karangasem World Music Festival a\xe2\x80\xa6 https://t.co/9CtomRielY'"
"b'Panitia #KarangasemWorldMusicFestival 2019 Ida Bagus Agung Gunarthawa menyatakan, Karangasem World Music Festival a\xe2\x80\xa6 https://t.co/mOhAyqlV0E'"
b'@raxeira__ Honey.. gak ada yang lebih rendah daripada orang2 yang kekeuh ngomong musik Kpop itu...\n\nbagus...'
b'Ko acara tv ga ada yang bagus ya dengrin musik dulu akhh bwt menemani rasa bete aq'
"b'+soal seni gua cuma gatau cara apresiasinya kecuali seni musik. \nJadi yaa, percuma sama gua bahas gituan, pasti bil\xe2\x80\xa6 https://t.co/l1uGIqxy6v'"
b'Acting joaquin phoenix bagus bgt. Sampe kepikiran. Tapi soundtracknya tetep mencuri perhatian. Tipikal musik yg bak\xe2\x80\xa6 https://t.co/8E7iiVNni0'
"b'@Topiku3 @JRX_SID @03_nakula Memang banyak mainan musik yang lebih baik drpd SID, tapi tidak untuk ide, movement da\xe2\x80\xa6 https://t.co/zDdANhYpVi'"
b'@unfulfilledsin @DivineGIaive Bagus! Dengan percobaan yang sang adam helai gelap itu lakukan. Langsunglah aku berja\xe2\x80\xa6 https://t.co/BbdByS7OIV'
"b'@silvermingo_ Ini sih yg bener2 jadi pelajaran aku sebagai fangirl, musik itu tentang selera, gimanapun menurutku b\xe2\x80\xa6 https://t.co/Gc0mfAVx0P'"
b'@askmenfess Ini nih alasan dangdut jadi vibes nya negative\xf0\x9f\x98\x8c\nPadahal genre musik yang bagus'
b'Musik kalo udh bagus mah gausah disuruh jg org bakal beli album itu Hehe'
b'Bentuk apresiasi saya terhadap karya musik dari @wordfangs \nSuara tidak begitu bagus\xf0\x9f\x98\x82\n\nTerimakasih karyanya \xf0\x9f\x92\x93\xf0\x9f\x8c\x9f https://t.co/VCIOmOk8PU'
"b'#RFYL memang bukan kaya tiffany snsd, tapi aku yakin ini yang kamu mau coba kan? Genre musik kaya gini, gaya kaya g\xe2\x80\xa6 https://t.co/t5M6C4d4iU'"
"b'@aboutaehyunie Nah iya, sama hal kaya supreme boi, sifat dia gabagus tapi emang gabisa dipungkiri musik dia bagus'"
"b'@Renjerhitamm Acting, musik, script, cinematography bener2 bagus ya pantes oscar.'"
"b'#Kangin ""SJ-ELF itu lbh dr sekedar fans &amp; artis,kita adlh \'soulmate\'. SJ akn bekerja keras utk mmbuat musik yg bagus utk ELF""'"
"b'@ArifAsatar Suka baca buku, selera musik bagus, pikiran terbuka,\n\nAh sudahlah segerakan'"
"b'@nctconfess tapi karna talent ny bisa di liat sendiri, chenle bukan hanya bisa nyanyi dengan suara nya yang bagus t\xe2\x80\xa6 https://t.co/VzpkE5ftgn'"
b'Bagus! Main musik aja lau https://t.co/r1L9s5RK4E'
b'@iniguebukanelu @DMenfess Nah ini pendapat yang bagus menurut aku dan itu semua kembali lagi pada niatnya deh apala\xe2\x80\xa6 https://t.co/AVx6enmDUS'
"b'@askmenfess Ini lagu bagus bngt ey\n "" Janji-Lyla, Ghea Indrawari "". Nikmati musik di JOOX! https://t.co/fGfKDbQjAB (#JOOX)'"
b'@hyuckiebff @elisa_jkm @Iiveterns @minhoskook Memalukan \n\nMusisi sejati yang tulus mencintai musik tidak perduli sa\xe2\x80\xa6 https://t.co/wHmZVZmsK4'
b'Aku sampe sekarang tiap liat performnya ab6ix bawain tittle track mereka masih yg selalu keserang kaget &amp; gak nyang\xe2\x80\xa6 https://t.co/DS2BYy5eZt'
"b'Film joker itu bagus\nApalagi ada kata\xc2\xb2 ""orang jahat terlahir dari orang baik yang tersakiti""\nCuman kurang. \nIntro m\xe2\x80\xa6 https://t.co/dtKGyXkuov'"
b'Senang sekali streaming musik Playlist Musik Viral Favorit. Genre dan irama lagunya sangat bagus.\xe2\x80\xa6 https://t.co/bjkNcbcVre'
"b'Film joker itu bagus\nApalagi ada kata\xc2\xb2\n"" orang jahat terlahir dari orang baik yang tersakiti ""\nCuman kurang \nIntro\xe2\x80\xa6 https://t.co/pYBkQkngvH'"
b'@dianendaeyo Iya Aamiin....\nGk butuh mereka jadi populer atau gmn...\nMaunya bertujuh..\nDan sbg org penikmat musik p\xe2\x80\xa6 https://t.co/JyTTR8Fb2E'
"b'@tsundereculture Sebelum ada teknologi streaming, di Indonesia royalti musik dari tempat2 komersial banyak ga ketag\xe2\x80\xa6 https://t.co/n6AJxBgJMt'"
b'Gapapasi dark mode bagus kok asal gak kek tetangga sebelah aja noh banyak dark nya wkwkwk \n\nLagian ya tiap ada idol\xe2\x80\xa6 https://t.co/8iM1u3GZHx'
"b'Bbrp orang ngirain Pak Jay org Korea. Pas dibilang bukan, mereka bilang, \xe2\x80\x9cooh tapi aksen bhs Koreamu bagus.\xe2\x80\x9d \n\nYa d\xe2\x80\xa6 https://t.co/WOk26pTHKu'"
b'bini anwar hadi ni musik dah takleh gi jauh kena la pakai gimik. aku perati gak ramai artis underground guna alasan\xe2\x80\xa6 https://t.co/Dl0It8nm0c'
"b'@askmenfess Hangout, ngechill d cafe, atau nnton acara musik jga bagus. Pinter2 match sm outfit nya aja'"
b'@izibyme Bagus tuh bisa jadi toggle buat muter musik ya'
"b'Pernah ga kepikiran gini Mit, kalo dengerin musik terus kita memposisikan sebagai musisi, pasti langsung mikir ini\xe2\x80\xa6 https://t.co/tclC4kXn4W'"
"b'@LandscapiaEXO Percuma kalo musiknya gak bagus, gak bakal lancar di Amerika. Percaya sama gua. Apalagi fans nya tol\xe2\x80\xa6 https://t.co/hxyoc84roZ'"
b'Ternyata #PekanKebudayaanNasional2019 bagus! Bisa belajar banyak tentang Indonesia. Nilai tambah ada di hiburan pan\xe2\x80\xa6 https://t.co/e9BTRCQmLL'
b'Lagunya bagus banget sumpah. Gaya musik kayak gini kemungkinan ga sih kalau ini lagu 50-60an?'
"b'@awkarin Macbook, karna komputerku sudah mulai tua dan berat untuk kerjaan bikin musik :(  hasil exportnya pun lebi\xe2\x80\xa6 https://t.co/KoJVKLJd6x'"
"b'@Farchhhh Soal musik, mungkin tertarik mencoba dengar karya-karya musisi Amerika Serikat Kareem Salama yg bagus &amp; b\xe2\x80\xa6 https://t.co/rFrewGQAKE'"
"b'Lagu yang bagus itu: liriknya jelas, nadanya jelas, suara vokal jelas, musik pengiring jelas, bunyi gitar jelas, bu\xe2\x80\xa6 https://t.co/DdvzBZbecD'"
"b'@darkintherain Karena itu aku mikir oh segitu berkuasanya ya modal yang gede itu,\nFor what sih modal Lo gede to mus\xe2\x80\xa6 https://t.co/rUYxPEv81g'"
"b'@GURLHEROES + tepuk tangan singkat sebagai bentuk apresiasi.\n\n""Suaramu bagus sekali. Kau benar-benar ada bakat musi\xe2\x80\xa6 https://t.co/g1ojOWxFHA'"
"b'Jane kurang opo to aku\n\nBagus....ora\nSugeh....yo ora\n\nKoyo ngene jek di sepelekne, dasar wanita ra mudeng musik'"
"b'@netmediatama Tapiiii min, \nibuku juga pernah bilang net klo malam musiknya bagus"", tapi gak ada gambarnya musik thok\xf0\x9f\x98\xac'"
"b'Politisi yang marah marah ini kalau dibayangin kayaknya dulu cupu, tidak punya selera musik bagus, temen juga seadanya aja.'"
b'Fakboi Bekasi:\n\n\xe2\x80\x9cSelera musik/film lo bagus! Bagi referensi dooong!\xe2\x80\x9d https://t.co/4veAMz5mfo'
b'Dan lyric video tentu konsep nya beda dgn musik video. Jd fokus saja sama liriknya krn yg ditonjolkan emang lirikny\xe2\x80\xa6 https://t.co/BaSPCvFnwz'
"b'@selepassubuh_ @bdgfess Fakboy musik:\n""Suaramu bagus, cover lagu yu, aku yang gitarin deh""'"
b'@soobinssie Aku juga lbh byk mikirin atensi dr gp korea maupun inter krn itu penting buat perkembangan musik mrka.\xe2\x80\xa6 https://t.co/CeloXwMVwr'
"b'Ditelpon sama senior main band di Malang :\n\xf0\x9f\x8e\xb9 : Jadi u sudah memutuskan gak main musik, sekarang kerja di Solo?\n\xf0\x9f\xa7\x91\xf0\x9f\x8f\xbd:\xe2\x80\xa6 https://t.co/MyZ44quVHz'"
"b'@jinhoppang aku jadi universe karenaa apa yaaa ngerasa cocok ajaa aku suka musik mereka, personality mereka, lagu l\xe2\x80\xa6 https://t.co/DNJJxlzxLn'"
b'Gak perlu harus terlihat indie padahal suka musik major.\nKarna major juga banyak yg bagus bahkan inspiratif juga.\nT\xe2\x80\xa6 https://t.co/MXM4Ld6sGQ'
"b'Emang aneh yaa kalo ga seneng dengerin koplo, dan lebih seneng dengerin macam acdc, oasis, one ok rock, seringai dl\xe2\x80\xa6 https://t.co/GtNkEyEcjq'"
b'Ini favorit gw kemaren di Idol... Gara2 dia lumayan asik buat bawain lagu Tori Kelly.. Yg menurut gw gk gampang bua\xe2\x80\xa6 https://t.co/76goeBUL8C'
"b'Entah, film drama lokal tu bagus"" asli, tapi masih ada aja yg nggak suka.\nNonton #FilmBEBAS, produksi @MilesFilms,\xe2\x80\xa6 https://t.co/pobe96Uvcv'"
"b'@tokopedia Kalimat"" mrka yg bisa menjadi motivasi, dan lirik dari musik mrka memiliki arti yg sngt bagus. Menurut k\xe2\x80\xa6 https://t.co/wA1O7j7IMH'"
"b'Artikel bagus tentang sejarah Lilith Fair, festival musik khusus musisi dan band perempuan. Diadakan pada tahun 199\xe2\x80\xa6 https://t.co/QG2vq0YOFw'"
"b'13. Dia sangat menyukai musik.\n\nKetika berbicara tentang musik, tidak ada tanda lain yang selezat Sagitarius.\xc2\xa0Dia s\xe2\x80\xa6 https://t.co/QmpA5CI6Yy'"
b'Pantesan aja sih musik buatannya dia bland bngt as for my taste. Iya bagus bisa didenger. Bisa didenger bukan berar\xe2\x80\xa6 https://t.co/yhU8OlDUTZ'
"b'@idolfess Iya masaa:( korea cuma suka lagu yg easy listening, bener2 gaada taste tertentu di musik. Banyak lagu yg\xe2\x80\xa6 https://t.co/W0YdLGTvMX'"
b'Tgl 2-3 NOV diadakan workshop kreatifitas tari dan musik di gedung kesenian Sarwo Edy jam 08.30-14.00 yg ingin ikut\xe2\x80\xa6 https://t.co/AqRfsYOykx'
"b'@choseungyounah Iya kak, bener bgt kek makin mateng aja sebenernya musiknya.. Side Effects itu loh beneran ini musi\xe2\x80\xa6 https://t.co/hnjq70fuZE'"
"b'@zataezaa Aku stayArmy. \nTapi tetep suka dengerin Musik dan lagu idol lain. Karna karya mreka bagus"" :)'"
"b'@kmsthings Lagian kalo dia ngerasa bisa bikin musik yang bagus yaudah release aja gitu loh, dia tuh kayak stuck di\xe2\x80\xa6 https://t.co/9IC4t1oKoR'"
b'@idolfess Buat org yg sukaa musik keras emg bagus banget nder. 10/10'
b'@chaoticrams OH YA???? BAGUS DONG!!!!! Aku waktu liat foto ini inget kamu....... tp kamu lebih milih festival musik indie....'
"b'Ide bagus  biar yg ngutang malu ketahuan sm org sekomplek, sekalian bawa pasukan guguk sm oyen jd musik latar plus\xe2\x80\xa6 https://t.co/Ff6GWPjbR2'"
b'-cak vendor dekor murah bagus buat acara musik gitu dimana ya\xf0\x9f\x98\xad'
b'Niat mau belajar malah gajadi terus gara2 ada lagu bagus :( klo udh gini baru nyadar hrsnya masuk jurusan seni musik aja wkwkwk'
b'@tokopedia Semua member BTS itu punya keunikkan masing2 yg bikin bisa nge stan sama semua membernya. Bukan cuma bag\xe2\x80\xa6 https://t.co/KpaYX8qcJb'
b'@askmenfess Ga ada yg perlu d harepin. Era musik indonesia udh lagi bagus bagusnya kok skrg'
"b'gak ada yg namanya musik norak dan musik keren, semua hanya masalaah relatebility dan selera saja, klo suka dan coc\xe2\x80\xa6 https://t.co/TZEmUGAx9I'"
b'@kookivya @GMeung @SOOBlNKU @gajae6 @sugarrlabs @ArcelliaK Gua carat .. tp gua sih tau referensi musik yg bagus sel\xe2\x80\xa6 https://t.co/YYZs33owco'
"b'@howtodressvvell Musiknya bagus kak, kebetulan gue yang sedang kehilangan selera untuk mendengarkan musik langsung\xe2\x80\xa6 https://t.co/JHhdjtlWte'"
b'@salsabilabunga5 Emang wk\nSkrg views pun dijadiin salah satu kriteria kemenangan acara musik. Aku sih jujur kesanny\xe2\x80\xa6 https://t.co/gqQua3UdLQ'
b'Yaboleh ga suka fandomnya tapi jgn nyumpahin idolnya juga atuh sayang banget musik mereka bagus kok :('
"b'Coba bayangin km cantek, body goals, pinter di atas rata2, pendidikan tinggi, lancar 3 bahasa, karir bagus, punya j\xe2\x80\xa6 https://t.co/fFsMjCeNOY'"
"b'@tokopedia Bias aku Jungkook, tapi aku suka sama semua nya. Alasan suka Mereka tuh.. Karena aku suka musik nya biki\xe2\x80\xa6 https://t.co/qPFyxSuTvW'"
b'KETIKA BOYGRUP2 YANG LAEN PADA BIKIN PV /MV yg keren \nKoreo nya bagus \nSuara bagus\nMusik bagus\nMV kudu ganteng kere\xe2\x80\xa6 https://t.co/kQuYHk9MUA'
"b'@tokopedia harder than i ever had. di youtube, sekali nonton mv bangtan, langsung banyak fan edit yg lucu. nonton c\xe2\x80\xa6 https://t.co/3NQpdjpQ3R'"
"b'@tokopedia #TokopediaXBTS #TokopediaSaja \n\nBias&gt;OT7, karena mereka mengajarkan saya how to love myself, menginspira\xe2\x80\xa6 https://t.co/z8CDqBgOOn'"
"b'@tokopedia @horizoniel biasku RM, karena dia salah satu tokoh leader panutan bgt, di kehidupan rl ku juga aku menco\xe2\x80\xa6 https://t.co/BCNvhiFid9'"
"b'sumpah setuju, goblok bgt dia. berarti maksud dia idol itu gaharus bisa dan mengerti musik apalagi buat lagu, sakin\xe2\x80\xa6 https://t.co/4zmzdo59Ha'"
"b'@roon3651 Musik yang bagus,tidak ada bahasa nya/Good music has no language.'"
b'@netmediatama Karna ada musik Bagus tanpa jeda iklan pada saat itu....'
b'Dulu di askfm gue suka kirim mass question video musik yang menurut gue bagus dan minta orang kasih opini mereka. E\xe2\x80\xa6 https://t.co/KvVPgIKjup'
"b'@womanfeeds Gapake adat atau hiburan selain band musik hehe aku ga sampe 100 juta, 800 porsi makanan berat, 3 stand\xe2\x80\xa6 https://t.co/VeCCjDbWHT'"
"b'Contoh\nQ: ""Jadi, apa kalian bakal comeback di bulan November?"" \n\nB: ""Yap, bulan November memang bulan yang bagus, s\xe2\x80\xa6 https://t.co/rp3QBSItd2'"
"b'Bagi sebagian besar orang, terutama pecinta Electronic Music Dance (EDM) nama Dipha Barus diidentikkan dengan DJ de\xe2\x80\xa6 https://t.co/xMdDJBflGP'"
"b'Bagi sebagian besar orang, terutama pecinta Electronic Music Dance (EDM) nama Dipha Barus diidentikkan dengan DJ de\xe2\x80\xa6 https://t.co/Rvyo7YETgT'"
b'Aku suka musik tapi gak bisa main musik. Aku suka motor tp gak punya motor bagus. Aku suka mobil tp gk punya mobil.\xe2\x80\xa6 https://t.co/UVyUSUTHU8'
b'@petitawl Iyaaaa... badannya gede tapi unyuu bangett apalagi klo lg brantemm gemeesss... tatapan mew bikin melting.\xe2\x80\xa6 https://t.co/nJVKaUJlul'
b'Gak tau kenapa sekarang kalo lg stress liat pemandangan bagus sm denger musik ngebit emg paling membantu drpd cerita ke orang lain.'
b'@AuraPriki Aku juga kek kamu..\nMusik bagus ya didenger..'
"b'seriously, artikelnya bagus. banyak bahas soal industri musik baik di barat maupun kpop. cara jawab bang pd-nim jug\xe2\x80\xa6 https://t.co/jXLzrqHGDd'"
b'Musik di pideone mook buat toy lebi bagus dari pada musik di pideone toy buat mook. Pideonya mah tetep uwu 22nya \xf0\x9f\x98\xad\xf0\x9f\x98\xad\xf0\x9f\x98\xad\xf0\x9f\x98\xad\xf0\x9f\x98\xad\xf0\x9f\x94\xaa'
"b'@askmenfess very multilalent human i ever see, jago main musik, jago basket, suaranya bagus termasuk klo lagi ngaji\xe2\x80\xa6 https://t.co/SzYRFY2m9g'"
b'@taetancles_ Suka semua lagu B-side tracknya bts.. Sebenarnya alasan kenapa aku suka lagu mereka selain makna lagu\xe2\x80\xa6 https://t.co/1hu5voCLKd'
b'Inget sore-sore sambil istirahat nyebat terus lagi ngomongin band2-an. Terus Bang Dani ngomong \xe2\x80\x9cEnaknya musik itu g\xe2\x80\xa6 https://t.co/beypxvh24K'
b'Pagi2 dengerin musik ini pake headset bikin mood bagus.. tapi sesuai selera juga sih.. ada yg jadi semangat denger\xe2\x80\xa6 https://t.co/l9q1PVLhOD'
"b'@shawolroom Bagus, tapi musik yang di menit mau abis itu rada kurang bagus (?)'"
b'Bersyukurlah kalian yang bisa main alat musik dan di beri berkah punya suara bagus.'
b'@yoossien Bagus dong anaknya musik banget'
b'Lagunya bagus banget sumpah. Gaya musik kayak gini kemungkinan ga sih kalau ini lagu 50-60an? https://t.co/ysMRnBJu4b'
"b'Bagus banget, komedinya ngena, sedihnya dapet, aktornya mantul semua, musik pengiringnya josss pol. Sayang yg ngaja\xe2\x80\xa6 https://t.co/GSK3XGfp6i'"
"b'@tanya2rl Musik\xf0\x9f\x91\x8c\nGak suka bukan berarti anti dengerin musik yah, tapi denger musik klo galau doang itu pun ngehayat\xe2\x80\xa6 https://t.co/nsJLwlcBGN'"
"b'Tapi okelah bagus akting pemeran joker, musik sama sinematografinya. Tapi ya gtu gabisa nikmatin filmnya wkwk'"
"b""beliau suaminya mbak fontana \xf0\x9f\x97\xbf itu ternyata. tapi Hush - Everglow emang enak banget si. lo tau suatu musik itu 'bag\xe2\x80\xa6 https://t.co/KcndmbQ0Dx"""
"b'bagus banget musik""nya juicy luicy, kan jadi pengen denger live musiknya lalahuta'"
"b'Huhu sayang onyooo\n\nTerharu, disaat yang lain berharap chartnya bagus, albumnya bisa terjual banyak tapi sewoon cum\xe2\x80\xa6 https://t.co/MT218bFFdD'"
b'Masa Audisi itu penuh \n\n- Kontestan Jago Nyanyi bagus \xe2\x9c\x85\n- Kontestan Cantik/Ganteng \xe2\x9c\x85\n- Kontestan Berbakat Alat Musi\xe2\x80\xa6 https://t.co/HN2btjo9WX'
b'@jokowi Konser musik kerusuhan Wamena dan kerusuhan Papua nya bagus pak presiden ku. Yg ganteng mirip dude Herlino\xe2\x80\xa6 https://t.co/EBg8bvaG0G'
b'Aku ga suka ya \nKalo lagi nyanyi sambil musik nya aktif suaranya bagus\nPas ga ada musik nya cempreng :( https://t.co/bqJQuS9uWc'
"b'Sumpah sih habis work out itu mood jadi bagus banget. Kmrn2 depressive smpe mikir apa2 it negatif, smpe mau memulai\xe2\x80\xa6 https://t.co/Aqimk7T8hR'"
"b""Kasihan janinnya ah kata Saya mah. Lah iya baru kenal suara malah didengerin musik 'rock', gak bagus itu. Musik kla\xe2\x80\xa6 https://t.co/XOMCPhc65r"""
b'Musik Winner itu aransemennya rempong bgt ya kalo berdiri sendiri kaya gini tetep bagus terus di-arrange abis layer\xe2\x80\xa6 https://t.co/1ofS1Xw0y7'
"b'@taetancles_ Home,alasan nya karna musik nya bagus'"
b'demi allah kerja kelompok musik gausah di kosan bisa gasi iya tau bagus but not in the mood to hear yall performanc\xe2\x80\xa6 https://t.co/QcjnkJ6REB'
"b'@LEEEJ0215 Kenapa sekarang musik dinilai bagusnya cuma dari seberapa tenarnya lagu itu, padahal banyak kok lagu bag\xe2\x80\xa6 https://t.co/Bwk7R6uXCb'"
"b'Dreamcatcher persis banget deh kayak up10tion :( susah banget dapet 1st win, padahal mereka lagu2nya bagus, underra\xe2\x80\xa6 https://t.co/DfLXlx6gQZ'"
"b'@happywithaiai Musik bagus ya karena emg komposisinya bagus juga, pasti ada waktunya buat shine masing2 gitu hhh ka\xe2\x80\xa6 https://t.co/ATAh6pbZrx'"
"b'Tadi liat tweet yg nyuruh kasih liat 5 lagu teratas di playlist Spotify, biar follower menilai apakah kita punya se\xe2\x80\xa6 https://t.co/bheQjYF4lH'"
"b'Efek film ""Joker"", gila. Bisa bikin orang beropini A-B-C. Sampe nongol banyak trit bahas dari sisi A-B-C. Sedangkan\xe2\x80\xa6 https://t.co/H6tQNvVxON'"
"b'jadi overall, secara keseluruhan, comeback ini epic banget. semoga Ateez bisa dapet trophy di acara musik.\n\nlagu in\xe2\x80\xa6 https://t.co/DjB9ANIqUd'"
"b'@addiems Bang Addie cocok di musik.....jangan bahas bahas politik negeri ini,,banyak sekali manipulasi bang,,tetap\xe2\x80\xa6 https://t.co/3sif3B7A6J'"
b'@sudjiwotedjo @didikempotid Now yang sering terjadi itu pergesrekan antara Pop music dengan Art Music toh?\n\nApakah\xe2\x80\xa6 https://t.co/22m2aFFKAh'
b'Ciri2 musik kek gini adalah\n- Few people like it\n- Even few people know this exist\n\ndan indikator mereka adalah mak\xe2\x80\xa6 https://t.co/17ufzO2xyA'
"b'{np}\n\nKALIAN TAU GK ?\n\nFaktanya dengerin musik di spotify, bisa bikin kalian dapet Nilai bagus waktu ujian kalo kal\xe2\x80\xa6 https://t.co/LGvM3mdk1B'"
"b'@SoundOfYogi Perlu kita sepakati dl apa arti \xe2\x80\x9cmusik\xe2\x80\x9d itu sendiri. Kalo sepakat \xe2\x80\x9cmusik\xe2\x80\x9d itu apa, baru bisa dijawab m\xe2\x80\xa6 https://t.co/1hZPuM8RDH'"
"b""But that's not what I am here to talk about..\n\ngue males ngediskusiin 'apa itu lagu yang bagus' karena diskusinya a\xe2\x80\xa6 https://t.co/ia4yRqRHDp"""
b'@SoundOfYogi syarat pertama musik itu bagus: kualitas rekamannya bagus. krn biasa denger awal ya enggak live.\n\nsela\xe2\x80\xa6 https://t.co/rStXSrL3S2'
"b'Apakah cara yang terbaik untuk merilekskan kamu? \xe2\x80\x94 mainke mana gitu sm temen"" yg buat vibes nya bagus k kitanya. Bk\xe2\x80\xa6 https://t.co/4rJRPLTlrA'"
"b'@idolfess Semua lagu nder, mulai dari lirik, musik, composser, bahkan sampe rekamanan\nMereka semua yg handle, merek\xe2\x80\xa6 https://t.co/EHGNq9EEIK'"
b'Hendropriyono dan Wiranto suaranya bagus.. saya mendukung keduanya buat album duet. Berkarir di bidang musik dan me\xe2\x80\xa6 https://t.co/1sVXCgTjap'
"b'Walking in the rain bagus teryata cuyy\nKim wooseok, sama ternyata preference musik kitaa'"
b'Sudah dikunci hatiku oleh lagu-lagu diplaylist #LMSemangatCinta karena bagus dan juga membantu dalam mendukung maju\xe2\x80\xa6 https://t.co/bZ9SVtTcFo'
b'Guru music belum tentu juga bisa nyanyi bagus...tapi mereka tau mana suara yang pas buat musik'
"b'Yang bisa bikin mood bagus lagi bukan coklat, musik atau apapun melainkan diri sendiri \xf0\x9f\x91\x8d'"
"b'@ikalahude Bagus musik dan suaranya, te banyak efek wkwk'"
"b'@pilaradio886fm Pagi ka amih ka ricko, \n\nKalo ada di gedung paling tinggi ya nikmatin viewnya dong, apalagi kalo ma\xe2\x80\xa6 https://t.co/qRG5gZBnIe'"
"b'\xf0\x9f\x98\xba\xe2\x9c\x8f \xe2\x80\x94 Ngedit foto, walaupun layout ku banyak yg bagus tapi aku bukan tipe anak layout banget hehe. Suka foto origina\xe2\x80\xa6 https://t.co/Pnzir8azff'"
b'Air Supply - Goodbye - ]Original Clip https://t.co/DeFXbF49xP via @YouTube\nAnak SD yang ga paham bahasa inggrispun\xe2\x80\xa6 https://t.co/TqLkRfjx3r'
"b'-- mau lihat-lihat ada apa di dalam Mall."" Karena Anne belum pernah ke sana.\n\n""Baru kepikiran toko buku, toko musik\xe2\x80\xa6 https://t.co/uSOCO4N79l'"
"b'@bdgfess cowo bisa maen alat musik sih kek keren aja gitu, apalagi kalo suaranya bagus kan sekalian bisa request lagu trs nyanyi bareng wkwk'"
"b'scroll-scroll resensi album musik di salah satu situs musik, score jelek mentok di 6.5/10. antara ga berani ngasih\xe2\x80\xa6 https://t.co/l31WqKhiDQ'"
b'@tubbirfess Late nite drive sambil beli makanan yg enak dan musik yang sesuai dengan destinasi terakhir yang punya view bagus'
"b'Selama weekend..\n\xf0\x9f\x91\xa9\xf0\x9f\x8f\xbdlg ngapain mb nida?\n\xf0\x9f\x91\xa7\xf0\x9f\x8f\xbb lg nonton Synchronize Fest bu, festival musik\n\xf0\x9f\x91\xa9\xf0\x9f\x8f\xbdmusik apa?\n\xf0\x9f\x91\xa7\xf0\x9f\x8f\xbbmacem2 bu, n\xe2\x80\xa6 https://t.co/s4yvpSGCkY'"
b'Stok hoki di raga hamba lagi berlimpah ruah. Sesederhana misalnya: jumat malam lalu pas mau ke syncfest order taksi\xe2\x80\xa6 https://t.co/yRDAdWo7nS'
b'My take on Joker movie:\n+ musik/sfx nya oke banget bisa bawa suasana\n+ karena sfx di atas kekerasan dalam filmnya k\xe2\x80\xa6 https://t.co/hlbsuCF9wB'
"b'Hidup itu singkat, kita enggak punya waktu mendengarkan semua musik bagus di luar sana. Jadi kami bantu pembaca men\xe2\x80\xa6 https://t.co/hyYbKxoCLn'"
"b'Maaf ya tweetnya lagi agak panjang hahahaha\n\nKalo bahas soal musik,\n\nGw agak detail. Emang sih bukan guru vokal or\xe2\x80\xa6 https://t.co/5CZjjAzATp'"
b'aku suka reaction video yg gak sekedar komen yeah bagus cakep dll dll tp yg beneran analisa musik sampe dalem2nya g\xe2\x80\xa6 https://t.co/OLRc7qS3Ke'
"b'@MBBinBlueMoon @mushroominhyuk Tuh bener kan Clau jagoan nyari rekomendasi musik. Iya nih, langsung mention aja kal\xe2\x80\xa6 https://t.co/xgLaL2OxG9'"
b'@FilmCerita musik di film ini bagus bgt asli. 90an banget. mulut ga bisa berenti ikutan nyanyi \xf0\x9f\x98\x82'
b'126. dengerin musik galau pake full volume jg bikin moodku bagus'
"b'@seraphiquexx Gila sampe segitunya ya dosenmu, sense-nya bagus  \xf0\x9f\x91\x8f\xf0\x9f\x91\x8f\n\nPadahal musik cuma buat sisi audio/aural doang~\xe2\x80\xa6 https://t.co/ktWF8sGocb'"
b'Q : kira2 masih ada ga videonya mungkin kesimpen di suatu tempat gtu? \n\xf0\x9f\x91\xa8\xe2\x80\x8d\xf0\x9f\x9a\x80 : (dia ketawa) kalau dicari sih ada kaya\xe2\x80\xa6 https://t.co/BkFEtgZL2c'
"b'Selamat hari senin Teman Justika! Gimana akhir pekan kemarin? Seru banget yaa, ada beberapa festival musik, festiva\xe2\x80\xa6 https://t.co/wbyRcgxP4e'"
b'@pamunqkas Dedikasi tinggi utk pecinta musik bagus ya gini misalnya'
"b'Kacau ni film ""Bebas"", bagus banget. Salah satu film yg punya kombinasi sinematik+musik terbaik.\nBonusnya lagu Roxx\xe2\x80\xa6 https://t.co/SdPttXtkRw'"
"b'@iKONICfess Kalo fi secara grup pas liat mereka jaman Rhythm ta B aja, cm secara musik udah mikir mereka bagus sih.'"
b'Mendengarkan musik favorit antara jam 6 s/d 9 pagi bisa menaikan mood bagus. #simpelize'
b'@muhammadanis22 Aku udah nonton yang basket. Bagus itu\nTrus yg S2 musik koto itu yaa bagus'
"b'Lagi pengen dengerin lagunya Aladin\nSaya:""Dek, lagunya Aladin aja ya!""\nDek:""Jangan, sekarang itu yang bagus itu lag\xe2\x80\xa6 https://t.co/MdaFLsiOjP'"
"b'Paling iri sama masku sendiri. Dia tipe orang yg cepet belajar, kreatif, terampil, punya problem solving yg bagus.\xe2\x80\xa6 https://t.co/UDFR8L0WyF'"
"b'Ya mksdny,  kupikir bakal gimanaa gitu,  krn pd heboh ketriggerlah,  nangis lah,  apalah. Sure aktingnya Joaquin Ph\xe2\x80\xa6 https://t.co/t2HkP4Pb6V'"
"b'Kd kw istirahat lagi siang heh liwar musik, jk fg bagus suara ayuha \xf0\x9f\x98\x82'"
"b'@doolsetbangtan @BTS_twt Yg dari luar negeri. Melihat mereka, aku berpikir bahwa bukan hanya musik mereka yg luar b\xe2\x80\xa6 https://t.co/vmA5kXuCUZ'"
b'Festival musik yang bagus selalu memberikan experience baru bagi para penontonnya. Di luar kualitas sound yang kura\xe2\x80\xa6 https://t.co/0AAMV17ZiM'
"b'Giliran gw lg nganggur kaga ada acara apa\xc2\xb2 tuh, trus aja gw rebahan ampe mampus. Giliran gw lg kerja ada aje yg nga\xe2\x80\xa6 https://t.co/RYGR8xmjzF'"
b'@pocky_lia Iya ga sabar jam 1..\nIya semoga tetep bagus albumnya dan ttep simple biar tetep bagus d pajang kaya buku\xe2\x80\xa6 https://t.co/Pe9rLlM2MK'
"b'@BudiKaryaS yang bagus tuh, kirim angkutan baik udara dan laut, terus tarik tuh warga yang trauma ke tempat nya mas\xe2\x80\xa6 https://t.co/PamDgN5llM'"
b'Bayangin nungguin SM minta album gak disetujuin mulu. Mereka buat studio sendiri nyiptain musik sendiri. Kerja sama\xe2\x80\xa6 https://t.co/dvEkfwrjBg'
"b'@ardararka Halo saya Ida Bagus Bhineka Wicwakarma, panggil saya dengan Bhineka atau Gus Eka. Jangan Wicwakarma kare\xe2\x80\xa6 https://t.co/tOPs6oByVI'"
"b'I cant  stant the rain\xe2\x9c\x94 entah kenapa awal lagu dimulai mengingatkan dengan musik di film ""Kung Fu Panda"" (?) Dari s\xe2\x80\xa6 https://t.co/tbOQzigFQu'"
b'Mendengarkan musik favorit antara jam 6 s/d 9 pagi bisa menaikan mood bagus. #simpelize'
"b'Yang menyenangkan di Synchronize Fest itu gaada musik bagus dan ga bagus, gaada musik norak dan ga norak, menurut p\xe2\x80\xa6 https://t.co/hbuqPhJyrz'"
"b'@piaXtae Monmaap aku ga terlalu tau soal musik/vocal/nyanyi jadi gabisa ngerasain emosinya, belum pernah jadi anak\xe2\x80\xa6 https://t.co/9HicTNYDMJ'"
"b'@busansbroz Karena konsep musik&amp; mv mereka berbeda, lagunya enak didengar dan maknanya bagus, mereka menulis lagu s\xe2\x80\xa6 https://t.co/3eXSpiPYgM'"
"b'orang akan penasaran n cari lagunya.\nSyukur kalo lagunya bagus, kalo gak ya bisa aja lgsg turun.\n\nIntinya industri\xe2\x80\xa6 https://t.co/bXR6DA03tC'"
"b'Gitu emang kalo masih anget mah. Suka paling kek faham betul ae.\nTapi bagus, main ke singkronez, biar tau asoynya i\xe2\x80\xa6 https://t.co/HvGFxvOb3y'"
"b'@bebyJKT48 Baca webton sambil ngemil dan dengerin musik, webton lagi banyak yg bagus sekarang beb, hihi \xf0\x9f\x98\x81'"
b'Pergeseran konsumsi digital musik dlm hal konten utk saat ini semakin pendek utk jd perhatian orang. Di era streami\xe2\x80\xa6 https://t.co/2zlsq4ffO5'
"b'Lalu setelah scroll, dapetlah satu event musik di bandung yang gs nya bagus bagus.\nTapi tiketnya sold out td pagi.'"
b'wagelaseh musik di teaser-nya bagus bgt ayo daysix tarik aku kembali!!!!!!!!!!!!!'
b'Armada itu band yg bukan tipe musik kesukaan istriku. Tapi dia lagi suka dengerin lagu ini. Eh ternyata emang bagus\xe2\x80\xa6 https://t.co/0MxkPa9ZBt'
"b'@wartahallyu Suka lagu tittle tracknya yaitu \nFlash karena saya emang suka genre musik EDM, makanya pas denger lagu\xe2\x80\xa6 https://t.co/AWnFHwxFTG'"
"b'@idolfess Tergantung kesanggupan artisnya, permintaan dari acara musiknya, jadi gabisa sepenuhnya disalahin artis l\xe2\x80\xa6 https://t.co/Qdj8vAHQgg'"
"b'Plis, gue benci banget sama lagu DJ Gagak itu. Gaada bagus bagusnya samasekali, dan gak lucu. Kenapa sih orang pada\xe2\x80\xa6 https://t.co/jfahArdQxK'"
"b""Membuat studio musik utk kretifitas pecinta musik. Sengaja dibuat utk menghimpun musisi 'jalanan' supaya terarah.\xe2\x80\xa6 https://t.co/fptNegngNB"""
b'@saymynamehoman dear moon - jaehwi. itu ampuh bgt di gue wkwkwk. kalau mau coba dengerin musik klasik malah bagus b\xe2\x80\xa6 https://t.co/sJlqdajI7N'
"b'Karena sering diputar juga di radio tv dll, jadi meski merasa musik atau liriknya gak bagus, tetep aja terpatri di\xe2\x80\xa6 https://t.co/TzJqdl6ceX'"
"b'@Adriandhy @ernestprakasa Filmnya gak sadis cuk ,banyak drama yg epic bagus banget, dari alur cerita ,yg bikin oran\xe2\x80\xa6 https://t.co/Kv60ENpStE'"
b'Ko acara tv ga ada yang bagus ya dengrin musik dulu akhh bwt menemani rasa bete aq'
"b'Bagus Yeol,\nkembangkan bakat senimu\nTidak hanya seni musik tapi juga seni rupa \xf0\x9f\x98\x80\xf0\x9f\x91\x8d\n#CHANYEOL @weareoneEXO\xe2\x80\xa6 https://t.co/1K6nMoUCVS'"
"b'@FerdinandHaean2 Karena bagus nya kebinekaan beliau, hingga akan mengadakan konser musik untuk negri.. \nPapua bergo\xe2\x80\xa6 https://t.co/15eN6Am02M'"
b'Rasakan meski dalam hati alunan musik riang ketika melakukan tugas ringan'
"b'Temen : \n""enak klo ke korea pas autumn suasananya bagus,  banyak festival musik banjir lineup dan tiketnya gratis ""\xe2\x80\xa6 https://t.co/7HAB5d6UYH'"
b'@ekstrajossusu Selera musik lo bagus juga'
b'@CyanPalette couldnt agree anymore sis.\n\nmusik ter bagus dari sisi komposisinya di era permusikan jaman itu'
b'@chillbabesss bagus buat ke festival musik'
"b'CHART INLABEL! PERSAINGAN 18 MUSIK BAGUS INDONESIA FRESH TERPILIH! "" the fastest moving chart show"" BARENG @hilmanMD'"
